film_id,title,description,release_year,language_id,original_language_id,rental_duration,rental_rate,length,replacement_cost,rating,special_features,last_update
3,"ADAPTATION HOLES","A Astounding Reflection of a Lumberjack And a Car who must Sink a Lumberjack in A Baloon Factory",2006,1,NULL,7,2.99,50,18.99,NC-17,"Trailers,Deleted Scenes","2006-02-15 05:03:42"
4,"AFFAIR PREJUDICE","A Fanciful Documentary of a Frisbee And a Lumberjack who must Chase a Monkey in A Shark Tank",2006,1,NULL,5,2.99,117,26.99,G,"Commentaries,Behind the Scenes","2006-02-15 05:03:42"
7,"AIRPLANE SIERRA","A Touching Saga of a Hunter And a Butler who must Discover a Butler in A Jet Boat",2006,1,NULL,6,4.99,62,28.99,PG-13,"Trailers,Deleted Scenes","2006-02-15 05:03:42"
8,"AIRPORT POLLOCK","A Epic Tale of a Moose And a Girl who must Confront a Monkey in Ancient India",2006,1,NULL,6,4.99,54,15.99,R,Trailers,"2006-02-15 05:03:42"
9,"ALABAMA DEVIL","A Thoughtful Panorama of a Database Administrator And a Mad Scientist who must Outgun a Mad Scientist in A Jet Boat",2006,1,NULL,3,2.99,114,21.99,PG-13,"Trailers,Deleted Scenes","2006-02-15 05:03:42"
10,"ALADDIN CALENDAR","A Action-Packed Tale of a Man And a Lumberjack who must Reach a Feminist in Ancient China",2006,1,NULL,6,4.99,63,24.99,NC-17,"Trailers,Deleted Scenes","2006-02-15 05:03:42"
18,"ALTER VICTORY","A Thoughtful Drama of a Composer And a Feminist who must Meet a Secret Agent in The Canadian Rockies",2006,1,NULL,6,0.99,57,27.99,PG-13,"Trailers,Behind the Scenes","2006-02-15 05:03:42"
19,"AMADEUS HOLY","A Emotional Display of a Pioneer And a Technical Writer who must Battle a Man in A Baloon",2006,1,NULL,6,0.99,113,20.99,PG,"Commentaries,Deleted Scenes,Behind the Scenes","2006-02-15 05:03:42"
32,"APOCALYPSE FLAMINGOS","A Astounding Story of a Dog And a Squirrel who must Defeat a Woman in An Abandoned Amusement Park",2006,1,NULL,6,4.99,119,11.99,R,"Trailers,Commentaries","2006-02-15 05:03:42"
34,"ARABIA DOGMA","A Touching Epistle of a Madman And a Mad Cow who must Defeat a Student in Nigeria",2006,1,NULL,6,0.99,62,29.99,NC-17,"Commentaries,Deleted Scenes","2006-02-15 05:03:42"
38,"ARK RIDGEMONT","A Beautiful Yarn of a Pioneer And a Monkey who must Pursue a Explorer in The Sahara Desert",2006,1,NULL,6,0.99,68,25.99,NC-17,"Trailers,Commentaries,Deleted Scenes,Behind the Scenes","2006-02-15 05:03:42"
44,"ATTACKS HATE","A Fast-Paced Panorama of a Technical Writer And a Mad Scientist who must Find a Feminist in An Abandoned Mine Shaft",2006,1,NULL,5,4.99,113,21.99,PG-13,"Trailers,Behind the Scenes","2006-02-15 05:03:42"
46,"AUTUMN CROW","A Beautiful Tale of a Dentist And a Mad Cow who must Battle a Moose in The Sahara Desert",2006,1,NULL,3,4.99,108,13.99,G,"Trailers,Commentaries,Deleted Scenes,Behind the Scenes","2006-02-15 05:03:42"
48,"BACKLASH UNDEFEATED","A Stunning Character Study of a Mad Scientist And a Mad Cow who must Kill a Car in A Monastery",2006,1,NULL,3,4.99,118,24.99,PG-13,"Trailers,Behind the Scenes","2006-02-15 05:03:42"
54,"BANGER PINOCCHIO","A Awe-Inspiring Drama of a Car And a Pastry Chef who must Chase a Crocodile in The First Manned Space Station",2006,1,NULL,5,0.99,113,15.99,R,"Trailers,Commentaries,Deleted Scenes","2006-02-15 05:03:42"
55,"BARBARELLA STREETCAR","A Awe-Inspiring Story of a Feminist And a Cat who must Conquer a Dog in A Monastery",2006,1,NULL,6,2.99,65,27.99,G,"Behind the Scenes","2006-02-15 05:03:42"
62,"BED HIGHBALL","A Astounding Panorama of a Lumberjack And a Dog who must Redeem a Woman in An Abandoned Fun House",2006,1,NULL,5,2.99,106,23.99,NC-17,"Trailers,Commentaries,Deleted Scenes","2006-02-15 05:03:42"
65,"BEHAVIOR RUNAWAY","A Unbelieveable Drama of a Student And a Husband who must Outrace a Sumo Wrestler in Berlin",2006,1,NULL,3,4.99,100,20.99,PG,"Trailers,Deleted Scenes,Behind the Scenes","2006-02-15 05:03:42"
66,"BENEATH RUSH","A Astounding Panorama of a Man And a Monkey who must Discover a Man in The First Manned Space Station",2006,1,NULL,6,0.99,53,27.99,NC-17,"Commentaries,Deleted Scenes","2006-02-15 05:03:42"
71,"BILKO ANONYMOUS","A Emotional Reflection of a Teacher And a Man who must Meet a Cat in The First Manned Space Station",2006,1,NULL,3,4.99,100,25.99,PG-13,"Commentaries,Deleted Scenes,Behind the Scenes","2006-02-15 05:03:42"
76,"BIRDCAGE CASPER","A Fast-Paced Saga of a Frisbee And a Astronaut who must Overcome a Feminist in Ancient India",2006,1,NULL,4,0.99,103,23.99,NC-17,"Commentaries,Deleted Scenes,Behind the Scenes","2006-02-15 05:03:42"
77,"BIRDS PERDITION","A Boring Story of a Womanizer And a Pioneer who must Face a Dog in California",2006,1,NULL,5,4.99,61,15.99,G,"Trailers,Behind the Scenes","2006-02-15 05:03:42"
79,"BLADE POLISH","A Thoughtful Character Study of a Frisbee And a Pastry Chef who must Fight a Dentist in The First Manned Space Station",2006,1,NULL,5,0.99,114,10.99,PG-13,"Trailers,Behind the Scenes","2006-02-15 05:03:42"
81,"BLINDNESS GUN","A Touching Drama of a Robot And a Dentist who must Meet a Hunter in A Jet Boat",2006,1,NULL,6,4.99,103,29.99,PG-13,"Trailers,Behind the Scenes","2006-02-15 05:03:42"
83,"BLUES INSTINCT","A Insightful Documentary of a Boat And a Composer who must Meet a Forensic Psychologist in An Abandoned Fun House",2006,1,NULL,5,2.99,50,18.99,G,"Trailers,Deleted Scenes,Behind the Scenes","2006-02-15 05:03:42"
84,"BOILED DARES","A Awe-Inspiring Story of a Waitress And a Dog who must Discover a Dentist in Ancient Japan",2006,1,NULL,7,4.99,102,13.99,PG,"Trailers,Commentaries","2006-02-15 05:03:42"
85,"BONNIE HOLOCAUST","A Fast-Paced Story of a Crocodile And a Robot who must Find a Moose in Ancient Japan",2006,1,NULL,4,0.99,63,29.99,G,"Deleted Scenes","2006-02-15 05:03:42"
89,"BORROWERS BEDAZZLED","A Brilliant Epistle of a Teacher And a Sumo Wrestler who must Defeat a Man in An Abandoned Fun House",2006,1,NULL,7,0.99,63,22.99,G,"Commentaries,Deleted Scenes,Behind the Scenes","2006-02-15 05:03:42"
90,"BOULEVARD MOB","A Fateful Epistle of a Moose And a Monkey who must Confront a Lumberjack in Ancient China",2006,1,NULL,3,0.99,63,11.99,R,Trailers,"2006-02-15 05:03:42"
97,"BRIDE INTRIGUE","A Epic Tale of a Robot And a Monkey who must Vanquish a Man in New Orleans",2006,1,NULL,7,0.99,56,24.99,G,"Trailers,Commentaries,Behind the Scenes","2006-02-15 05:03:42"
102,"BUBBLE GROSSE","A Awe-Inspiring Panorama of a Crocodile And a Moose who must Confront a Girl in A Baloon",2006,1,NULL,4,4.99,60,20.99,R,"Trailers,Commentaries,Deleted Scenes,Behind the Scenes","2006-02-15 05:03:42"
104,"BUGSY SONG","A Awe-Inspiring Character Study of a Secret Agent And a Boat who must Find a Squirrel in The First Manned Space Station",2006,1,NULL,4,2.99,119,17.99,G,Commentaries,"2006-02-15 05:03:42"
106,"BULWORTH COMMANDMENTS","A Amazing Display of a Mad Cow And a Pioneer who must Redeem a Sumo Wrestler in The Outback",2006,1,NULL,4,2.99,61,14.99,G,Trailers,"2006-02-15 05:03:42"
107,"BUNCH MINDS","A Emotional Story of a Feminist And a Feminist who must Escape a Pastry Chef in A MySQL Convention",2006,1,NULL,4,2.99,63,13.99,G,"Behind the Scenes","2006-02-15 05:03:42"
108,"BUTCH PANTHER","A Lacklusture Yarn of a Feminist And a Database Administrator who must Face a Hunter in New Orleans",2006,1,NULL,6,0.99,67,19.99,PG-13,"Trailers,Commentaries,Deleted Scenes","2006-02-15 05:03:42"
110,"CABIN FLASH","A Stunning Epistle of a Boat And a Man who must Challenge a A Shark in A Baloon Factory",2006,1,NULL,4,0.99,53,25.99,NC-17,"Commentaries,Deleted Scenes","2006-02-15 05:03:42"
111,"CADDYSHACK JEDI","A Awe-Inspiring Epistle of a Woman And a Madman who must Fight a Robot in Soviet Georgia",2006,1,NULL,3,0.99,52,17.99,NC-17,"Commentaries,Deleted Scenes","2006-02-15 05:03:42"
112,"CALENDAR GUNFIGHT","A Thrilling Drama of a Frisbee And a Lumberjack who must Sink a Man in Nigeria",2006,1,NULL,4,4.99,120,22.99,NC-17,"Trailers,Commentaries,Behind the Scenes","2006-02-15 05:03:42"
114,"CAMELOT VACATION","A Touching Character Study of a Woman And a Waitress who must Battle a Pastry Chef in A MySQL Convention",2006,1,NULL,3,0.99,61,26.99,NC-17,"Trailers,Commentaries,Deleted Scenes,Behind the Scenes","2006-02-15 05:03:42"
116,"CANDIDATE PERDITION","A Brilliant Epistle of a Composer And a Database Administrator who must Vanquish a Mad Scientist in The First Manned Space Station",2006,1,NULL,4,2.99,70,10.99,R,"Deleted Scenes,Behind the Scenes","2006-02-15 05:03:42"
122,"CARRIE BUNCH","A Amazing Epistle of a Student And a Astronaut who must Discover a Frisbee in The Canadian Rockies",2006,1,NULL,7,0.99,114,11.99,PG,"Trailers,Commentaries,Behind the Scenes","2006-02-15 05:03:42"
125,"CASSIDY WYOMING","A Intrepid Drama of a Frisbee And a Hunter who must Kill a Secret Agent in New Orleans",2006,1,NULL,5,2.99,61,19.99,NC-17,"Commentaries,Behind the Scenes","2006-02-15 05:03:42"
127,"CAT CONEHEADS","A Fast-Paced Panorama of a Girl And a A Shark who must Confront a Boy in Ancient India",2006,1,NULL,5,4.99,112,14.99,G,"Commentaries,Deleted Scenes","2006-02-15 05:03:42"
130,"CELEBRITY HORN","A Amazing Documentary of a Secret Agent And a Astronaut who must Vanquish a Hunter in A Shark Tank",2006,1,NULL,7,0.99,110,24.99,PG-13,"Deleted Scenes,Behind the Scenes","2006-02-15 05:03:42"
132,"CHAINSAW UPTOWN","A Beautiful Documentary of a Boy And a Robot who must Discover a Squirrel in Australia",2006,1,NULL,6,0.99,114,25.99,PG,"Deleted Scenes,Behind the Scenes","2006-02-15 05:03:42"
133,"CHAMBER ITALIAN","A Fateful Reflection of a Moose And a Husband who must Overcome a Monkey in Nigeria",2006,1,NULL,7,4.99,117,14.99,NC-17,Trailers,"2006-02-15 05:03:42"
134,"CHAMPION FLATLINERS","A Amazing Story of a Mad Cow And a Dog who must Kill a Husband in A Monastery",2006,1,NULL,4,4.99,51,21.99,PG,Trailers,"2006-02-15 05:03:42"
135,"CHANCE RESURRECTION","A Astounding Story of a Forensic Psychologist And a Forensic Psychologist who must Overcome a Moose in Ancient China",2006,1,NULL,3,2.99,70,22.99,R,"Commentaries,Deleted Scenes,Behind the Scenes","2006-02-15 05:03:42"
137,"CHARADE DUFFEL","A Action-Packed Display of a Man And a Waitress who must Build a Dog in A MySQL Convention",2006,1,NULL,3,2.99,66,21.99,PG,"Trailers,Deleted Scenes,Behind the Scenes","2006-02-15 05:03:42"
139,"CHASING FIGHT","A Astounding Saga of a Technical Writer And a Butler who must Battle a Butler in A Shark Tank",2006,1,NULL,7,4.99,114,21.99,PG,"Trailers,Commentaries","2006-02-15 05:03:42"
144,"CHINATOWN GLADIATOR","A Brilliant Panorama of a Technical Writer And a Lumberjack who must Escape a Butler in Ancient India",2006,1,NULL,7,4.99,61,24.99,PG,"Trailers,Commentaries,Deleted Scenes","2006-02-15 05:03:42"
146,"CHITTY LOCK","A Boring Epistle of a Boat And a Database Administrator who must Kill a Sumo Wrestler in The First Manned Space Station",2006,1,NULL,6,2.99,107,24.99,G,Commentaries,"2006-02-15 05:03:42"
147,"CHOCOLAT HARRY","A Action-Packed Epistle of a Dentist And a Moose who must Meet a Mad Cow in Ancient Japan",2006,1,NULL,5,0.99,101,16.99,NC-17,"Commentaries,Behind the Scenes","2006-02-15 05:03:42"
150,"CIDER DESIRE","A Stunning Character Study of a Composer And a Mad Cow who must Succumb a Cat in Soviet Georgia",2006,1,NULL,7,2.99,101,9.99,PG,"Behind the Scenes","2006-02-15 05:03:42"
159,"CLOSER BANG","A Unbelieveable Panorama of a Frisbee And a Hunter who must Vanquish a Monkey in Ancient India",2006,1,NULL,5,4.99,58,12.99,R,"Trailers,Behind the Scenes","2006-02-15 05:03:42"
160,"CLUB GRAFFITI","A Epic Tale of a Pioneer And a Hunter who must Escape a Girl in A U-Boat",2006,1,NULL,4,0.99,65,12.99,PG-13,"Trailers,Deleted Scenes","2006-02-15 05:03:42"
161,"CLUE GRAIL","A Taut Tale of a Butler And a Mad Scientist who must Build a Crocodile in Ancient China",2006,1,NULL,6,4.99,70,27.99,NC-17,"Trailers,Commentaries,Behind the Scenes","2006-02-15 05:03:42"
164,"COAST RAINBOW","A Astounding Documentary of a Mad Cow And a Pioneer who must Challenge a Butler in The Sahara Desert",2006,1,NULL,4,0.99,55,20.99,PG,"Trailers,Commentaries,Deleted Scenes,Behind the Scenes","2006-02-15 05:03:42"
165,"COLDBLOODED DARLING","A Brilliant Panorama of a Dentist And a Moose who must Find a Student in The Gulf of Mexico",2006,1,NULL,7,4.99,70,27.99,G,"Trailers,Deleted Scenes","2006-02-15 05:03:42"
167,"COMA HEAD","A Awe-Inspiring Drama of a Boy And a Frisbee who must Escape a Pastry Chef in California",2006,1,NULL,6,4.99,109,10.99,NC-17,Commentaries,"2006-02-15 05:03:42"
168,"COMANCHEROS ENEMY","A Boring Saga of a Lumberjack And a Monkey who must Find a Monkey in The Gulf of Mexico",2006,1,NULL,5,0.99,67,23.99,R,"Trailers,Behind the Scenes","2006-02-15 05:03:42"
170,"COMMAND DARLING","A Awe-Inspiring Tale of a Forensic Psychologist And a Woman who must Challenge a Database Administrator in Ancient Japan",2006,1,NULL,5,4.99,120,28.99,PG-13,"Behind the Scenes","2006-02-15 05:03:42"
171,"COMMANDMENTS EXPRESS","A Fanciful Saga of a Student And a Mad Scientist who must Battle a Hunter in An Abandoned Mine Shaft",2006,1,NULL,6,4.99,59,13.99,R,"Trailers,Commentaries,Deleted Scenes","2006-02-15 05:03:42"
172,"CONEHEADS SMOOCHY","A Touching Story of a Womanizer And a Composer who must Pursue a Husband in Nigeria",2006,1,NULL,7,4.99,112,12.99,NC-17,"Deleted Scenes,Behind the Scenes","2006-02-15 05:03:42"
173,"CONFESSIONS MAGUIRE","A Insightful Story of a Car And a Boy who must Battle a Technical Writer in A Baloon",2006,1,NULL,7,4.99,65,25.99,PG-13,"Behind the Scenes","2006-02-15 05:03:42"
178,"CONNECTION MICROCOSMOS","A Fateful Documentary of a Crocodile And a Husband who must Face a Husband in The First Manned Space Station",2006,1,NULL,6,0.99,115,25.99,G,"Deleted Scenes,Behind the Scenes","2006-02-15 05:03:42"
183,"CONVERSATION DOWNHILL","A Taut Character Study of a Husband And a Waitress who must Sink a Squirrel in A MySQL Convention",2006,1,NULL,4,4.99,112,14.99,R,Commentaries,"2006-02-15 05:03:42"
186,"CRAFT OUTFIELD","A Lacklusture Display of a Explorer And a Hunter who must Succumb a Database Administrator in A Baloon Factory",2006,1,NULL,6,0.99,64,17.99,NC-17,"Deleted Scenes,Behind the Scenes","2006-02-15 05:03:42"
187,"CRANES RESERVOIR","A Fanciful Documentary of a Teacher And a Dog who must Outgun a Forensic Psychologist in A Baloon Factory",2006,1,NULL,5,2.99,57,12.99,NC-17,Commentaries,"2006-02-15 05:03:42"
192,"CROSSING DIVORCE","A Beautiful Documentary of a Dog And a Robot who must Redeem a Womanizer in Berlin",2006,1,NULL,4,4.99,50,19.99,R,"Commentaries,Deleted Scenes,Behind the Scenes","2006-02-15 05:03:42"
194,"CROW GREASE","A Awe-Inspiring Documentary of a Woman And a Husband who must Sink a Database Administrator in The First Manned Space Station",2006,1,NULL,6,0.99,104,22.99,PG,"Trailers,Commentaries,Behind the Scenes","2006-02-15 05:03:42"
195,"CROWDS TELEMARK","A Intrepid Documentary of a Astronaut And a Forensic Psychologist who must Find a Frisbee in An Abandoned Fun House",2006,1,NULL,3,4.99,112,16.99,R,"Trailers,Behind the Scenes","2006-02-15 05:03:42"
196,"CRUELTY UNFORGIVEN","A Brilliant Tale of a Car And a Moose who must Battle a Dentist in Nigeria",2006,1,NULL,7,0.99,69,29.99,G,"Deleted Scenes,Behind the Scenes","2006-02-15 05:03:42"
197,"CRUSADE HONEY","A Fast-Paced Reflection of a Explorer And a Butler who must Battle a Madman in An Abandoned Amusement Park",2006,1,NULL,4,2.99,112,27.99,R,Commentaries,"2006-02-15 05:03:42"
199,"CUPBOARD SINNERS","A Emotional Reflection of a Frisbee And a Boat who must Reach a Pastry Chef in An Abandoned Amusement Park",2006,1,NULL,4,2.99,56,29.99,R,"Behind the Scenes","2006-02-15 05:03:42"
204,"DALMATIONS SWEDEN","A Emotional Epistle of a Moose And a Hunter who must Overcome a Robot in A Manhattan Penthouse",2006,1,NULL,4,0.99,106,25.99,PG,"Trailers,Commentaries,Deleted Scenes","2006-02-15 05:03:42"
205,"DANCES NONE","A Insightful Reflection of a A Shark And a Dog who must Kill a Butler in An Abandoned Amusement Park",2006,1,NULL,3,0.99,58,22.99,NC-17,"Trailers,Commentaries,Deleted Scenes,Behind the Scenes","2006-02-15 05:03:42"
213,"DATE SPEED","A Touching Saga of a Composer And a Moose who must Discover a Dentist in A MySQL Convention",2006,1,NULL,4,0.99,104,19.99,R,Commentaries,"2006-02-15 05:03:42"
214,"DAUGHTER MADIGAN","A Beautiful Tale of a Hunter And a Mad Scientist who must Confront a Squirrel in The First Manned Space Station",2006,1,NULL,3,4.99,59,13.99,PG-13,Trailers,"2006-02-15 05:03:42"
215,"DAWN POND","A Thoughtful Documentary of a Dentist And a Forensic Psychologist who must Defeat a Waitress in Berlin",2006,1,NULL,4,4.99,57,27.99,PG,"Trailers,Deleted Scenes,Behind the Scenes","2006-02-15 05:03:42"
216,"DAY UNFAITHFUL","A Stunning Documentary of a Composer And a Mad Scientist who must Find a Technical Writer in A U-Boat",2006,1,NULL,3,4.99,113,16.99,G,"Trailers,Commentaries,Deleted Scenes,Behind the Scenes","2006-02-15 05:03:42"
217,"DAZED PUNK","A Action-Packed Story of a Pioneer And a Technical Writer who must Discover a Forensic Psychologist in An Abandoned Amusement Park",2006,1,NULL,6,4.99,120,20.99,G,"Commentaries,Deleted Scenes","2006-02-15 05:03:42"
219,"DEEP CRUSADE","A Amazing Tale of a Crocodile And a Squirrel who must Discover a Composer in Australia",2006,1,NULL,6,4.99,51,20.99,PG-13,"Commentaries,Behind the Scenes","2006-02-15 05:03:42"
220,"DEER VIRGINIAN","A Thoughtful Story of a Mad Cow And a Womanizer who must Overcome a Mad Scientist in Soviet Georgia",2006,1,NULL,7,2.99,106,13.99,NC-17,"Deleted Scenes","2006-02-15 05:03:42"
221,"DELIVERANCE MULHOLLAND","A Astounding Saga of a Monkey And a Moose who must Conquer a Butler in A Shark Tank",2006,1,NULL,4,0.99,100,9.99,R,"Deleted Scenes","2006-02-15 05:03:42"
222,"DESERT POSEIDON","A Brilliant Documentary of a Butler And a Frisbee who must Build a Astronaut in New Orleans",2006,1,NULL,4,4.99,64,27.99,R,"Trailers,Behind the Scenes","2006-02-15 05:03:42"
226,"DESTINY SATURDAY","A Touching Drama of a Crocodile And a Crocodile who must Conquer a Explorer in Soviet Georgia",2006,1,NULL,4,4.99,56,20.99,G,"Trailers,Commentaries,Behind the Scenes","2006-02-15 05:03:42"
230,"DIARY PANIC","A Thoughtful Character Study of a Frisbee And a Mad Cow who must Outgun a Man in Ancient India",2006,1,NULL,7,2.99,107,20.99,G,"Commentaries,Behind the Scenes","2006-02-15 05:03:42"
231,"DINOSAUR SECRETARY","A Action-Packed Drama of a Feminist And a Girl who must Reach a Robot in The Canadian Rockies",2006,1,NULL,7,2.99,63,27.99,R,"Trailers,Behind the Scenes","2006-02-15 05:03:42"
235,"DIVIDE MONSTER","A Intrepid Saga of a Man And a Forensic Psychologist who must Reach a Squirrel in A Monastery",2006,1,NULL,6,2.99,68,13.99,PG-13,"Trailers,Commentaries","2006-02-15 05:03:42"
236,"DIVINE RESURRECTION","A Boring Character Study of a Man And a Womanizer who must Succumb a Teacher in An Abandoned Amusement Park",2006,1,NULL,4,2.99,100,19.99,R,"Trailers,Commentaries","2006-02-15 05:03:42"
238,"DOCTOR GRAIL","A Insightful Drama of a Womanizer And a Waitress who must Reach a Forensic Psychologist in The Outback",2006,1,NULL,4,2.99,57,29.99,G,"Trailers,Commentaries,Behind the Scenes","2006-02-15 05:03:42"
240,"DOLLS RAGE","A Thrilling Display of a Pioneer And a Frisbee who must Escape a Teacher in The Outback",2006,1,NULL,7,2.99,120,10.99,PG-13,"Commentaries,Deleted Scenes","2006-02-15 05:03:42"
242,"DOOM DANCING","A Astounding Panorama of a Car And a Mad Scientist who must Battle a Lumberjack in A MySQL Convention",2006,1,NULL,4,0.99,68,13.99,R,"Trailers,Commentaries","2006-02-15 05:03:42"
253,"DRIFTER COMMANDMENTS","A Epic Reflection of a Womanizer And a Squirrel who must Discover a Husband in A Jet Boat",2006,1,NULL,5,4.99,61,18.99,PG-13,"Trailers,Behind the Scenes","2006-02-15 05:03:42"
257,"DRUMLINE CYCLONE","A Insightful Panorama of a Monkey And a Sumo Wrestler who must Outrace a Mad Scientist in The Canadian Rockies",2006,1,NULL,3,0.99,110,14.99,G,"Commentaries,Deleted Scenes,Behind the Scenes","2006-02-15 05:03:42"
259,"DUCK RACER","A Lacklusture Yarn of a Teacher And a Squirrel who must Overcome a Dog in A Shark Tank",2006,1,NULL,4,2.99,116,15.99,NC-17,"Behind the Scenes","2006-02-15 05:03:42"
262,"DUMBO LUST","A Touching Display of a Feminist And a Dentist who must Conquer a Husband in The Gulf of Mexico",2006,1,NULL,5,0.99,119,17.99,NC-17,"Behind the Scenes","2006-02-15 05:03:42"
264,"DWARFS ALTER","A Emotional Yarn of a Girl And a Dog who must Challenge a Composer in Ancient Japan",2006,1,NULL,6,2.99,101,13.99,G,"Commentaries,Deleted Scenes","2006-02-15 05:03:42"
273,"EFFECT GLADIATOR","A Beautiful Display of a Pastry Chef And a Pastry Chef who must Outgun a Forensic Psychologist in A Manhattan Penthouse",2006,1,NULL,6,0.99,107,14.99,PG,Commentaries,"2006-02-15 05:03:42"
274,"EGG IGBY","A Beautiful Documentary of a Boat And a Sumo Wrestler who must Succumb a Database Administrator in The First Manned Space Station",2006,1,NULL,4,2.99,67,20.99,PG,"Commentaries,Behind the Scenes","2006-02-15 05:03:42"
276,"ELEMENT FREDDY","A Awe-Inspiring Reflection of a Waitress And a Squirrel who must Kill a Mad Cow in A Jet Boat",2006,1,NULL,6,4.99,115,28.99,NC-17,"Commentaries,Behind the Scenes","2006-02-15 05:03:42"
285,"ENGLISH BULWORTH","A Intrepid Epistle of a Pastry Chef And a Pastry Chef who must Pursue a Crocodile in Ancient China",2006,1,NULL,3,0.99,51,18.99,PG-13,"Deleted Scenes","2006-02-15 05:03:42"
289,"EVE RESURRECTION","A Awe-Inspiring Yarn of a Pastry Chef And a Database Administrator who must Challenge a Teacher in A Baloon",2006,1,NULL,5,4.99,66,25.99,G,"Trailers,Commentaries,Deleted Scenes","2006-02-15 05:03:42"
292,"EXCITEMENT EVE","A Brilliant Documentary of a Monkey And a Car who must Conquer a Crocodile in A Shark Tank",2006,1,NULL,3,0.99,51,20.99,G,Commentaries,"2006-02-15 05:03:42"
300,"FALCON VOLUME","A Fateful Saga of a Sumo Wrestler And a Hunter who must Redeem a A Shark in New Orleans",2006,1,NULL,5,4.99,102,21.99,PG-13,"Commentaries,Behind the Scenes","2006-02-15 05:03:42"
303,"FANTASY TROOPERS","A Touching Saga of a Teacher And a Monkey who must Overcome a Secret Agent in A MySQL Convention",2006,1,NULL,6,0.99,58,27.99,PG-13,"Behind the Scenes","2006-02-15 05:03:42"
306,"FEATHERS METAL","A Thoughtful Yarn of a Monkey And a Teacher who must Find a Dog in Australia",2006,1,NULL,3,0.99,104,12.99,PG-13,"Trailers,Deleted Scenes","2006-02-15 05:03:42"
313,"FIDELITY DEVIL","A Awe-Inspiring Drama of a Technical Writer And a Composer who must Reach a Pastry Chef in A U-Boat",2006,1,NULL,5,4.99,118,11.99,G,"Trailers,Deleted Scenes,Behind the Scenes","2006-02-15 05:03:42"
318,"FIREHOUSE VIETNAM","A Awe-Inspiring Character Study of a Boat And a Boy who must Kill a Pastry Chef in The Sahara Desert",2006,1,NULL,7,0.99,103,14.99,G,"Commentaries,Deleted Scenes","2006-02-15 05:03:42"
322,"FLATLINERS KILLER","A Taut Display of a Secret Agent And a Waitress who must Sink a Robot in An Abandoned Mine Shaft",2006,1,NULL,5,2.99,100,29.99,G,"Trailers,Commentaries,Deleted Scenes","2006-02-15 05:03:42"
326,"FLYING HOOK","A Thrilling Display of a Mad Cow And a Dog who must Challenge a Frisbee in Nigeria",2006,1,NULL,6,2.99,69,18.99,NC-17,"Trailers,Commentaries,Behind the Scenes","2006-02-15 05:03:42"
329,"FORREST SONS","A Thrilling Documentary of a Forensic Psychologist And a Butler who must Defeat a Explorer in A Jet Boat",2006,1,NULL,4,2.99,63,15.99,R,Commentaries,"2006-02-15 05:03:42"
330,"FORRESTER COMANCHEROS","A Fateful Tale of a Squirrel And a Forensic Psychologist who must Redeem a Man in Nigeria",2006,1,NULL,7,4.99,112,22.99,NC-17,"Trailers,Behind the Scenes","2006-02-15 05:03:42"
334,"FREDDY STORM","A Intrepid Saga of a Man And a Lumberjack who must Vanquish a Husband in The Outback",2006,1,NULL,6,4.99,65,21.99,NC-17,"Trailers,Commentaries,Behind the Scenes","2006-02-15 05:03:42"
338,"FRISCO FORREST","A Beautiful Documentary of a Woman And a Pioneer who must Pursue a Mad Scientist in A Shark Tank",2006,1,NULL,6,4.99,51,23.99,PG,"Commentaries,Deleted Scenes,Behind the Scenes","2006-02-15 05:03:42"
339,"FROGMEN BREAKING","A Unbelieveable Yarn of a Mad Scientist And a Cat who must Chase a Lumberjack in Australia",2006,1,NULL,5,0.99,111,17.99,R,"Trailers,Deleted Scenes,Behind the Scenes","2006-02-15 05:03:42"
347,"GAMES BOWFINGER","A Astounding Documentary of a Butler And a Explorer who must Challenge a Butler in A Monastery",2006,1,NULL,7,4.99,119,17.99,PG-13,"Behind the Scenes","2006-02-15 05:03:42"
351,"GASLIGHT CRUSADE","A Amazing Epistle of a Boy And a Astronaut who must Redeem a Man in The Gulf of Mexico",2006,1,NULL,4,2.99,106,10.99,PG,"Trailers,Deleted Scenes","2006-02-15 05:03:42"
355,"GHOSTBUSTERS ELF","A Thoughtful Epistle of a Dog And a Feminist who must Chase a Composer in Berlin",2006,1,NULL,7,0.99,101,18.99,R,"Trailers,Deleted Scenes,Behind the Scenes","2006-02-15 05:03:42"
356,"GIANT TROOPERS","A Fateful Display of a Feminist And a Monkey who must Vanquish a Monkey in The Canadian Rockies",2006,1,NULL,5,2.99,102,10.99,R,"Trailers,Commentaries","2006-02-15 05:03:42"
357,"GILBERT PELICAN","A Fateful Tale of a Man And a Feminist who must Conquer a Crocodile in A Manhattan Penthouse",2006,1,NULL,7,0.99,114,13.99,G,"Trailers,Commentaries","2006-02-15 05:03:42"
360,"GLASS DYING","A Astounding Drama of a Frisbee And a Astronaut who must Fight a Dog in Ancient Japan",2006,1,NULL,4,0.99,103,24.99,G,Trailers,"2006-02-15 05:03:42"
362,"GLORY TRACY","A Amazing Saga of a Woman And a Womanizer who must Discover a Cat in The First Manned Space Station",2006,1,NULL,7,2.99,115,13.99,PG-13,"Trailers,Commentaries,Behind the Scenes","2006-02-15 05:03:42"
363,"GO PURPLE","A Fast-Paced Display of a Car And a Database Administrator who must Battle a Woman in A Baloon",2006,1,NULL,3,0.99,54,12.99,R,Trailers,"2006-02-15 05:03:42"
369,"GOODFELLAS SALUTE","A Unbelieveable Tale of a Dog And a Explorer who must Sink a Mad Cow in A Baloon Factory",2006,1,NULL,4,4.99,56,22.99,PG,"Deleted Scenes","2006-02-15 05:03:42"
370,"GORGEOUS BINGO","A Action-Packed Display of a Sumo Wrestler And a Car who must Overcome a Waitress in A Baloon Factory",2006,1,NULL,4,2.99,108,26.99,R,"Deleted Scenes,Behind the Scenes","2006-02-15 05:03:42"
374,"GRAFFITI LOVE","A Unbelieveable Epistle of a Sumo Wrestler And a Hunter who must Build a Composer in Berlin",2006,1,NULL,3,0.99,117,29.99,PG,"Trailers,Deleted Scenes","2006-02-15 05:03:42"
383,"GROOVE FICTION","A Unbelieveable Reflection of a Moose And a A Shark who must Defeat a Lumberjack in An Abandoned Mine Shaft",2006,1,NULL,6,0.99,111,13.99,NC-17,"Behind the Scenes","2006-02-15 05:03:42"
386,"GUMP DATE","A Intrepid Yarn of a Explorer And a Student who must Kill a Husband in An Abandoned Mine Shaft",2006,1,NULL,3,4.99,53,12.99,NC-17,"Deleted Scenes","2006-02-15 05:03:42"
387,"GUN BONNIE","A Boring Display of a Sumo Wrestler And a Husband who must Build a Waitress in The Gulf of Mexico",2006,1,NULL,7,0.99,100,27.99,G,"Behind the Scenes","2006-02-15 05:03:42"
388,"GUNFIGHT MOON","A Epic Reflection of a Pastry Chef And a Explorer who must Reach a Dentist in The Sahara Desert",2006,1,NULL,5,0.99,70,16.99,NC-17,"Deleted Scenes,Behind the Scenes","2006-02-15 05:03:42"
392,"HALL CASSIDY","A Beautiful Panorama of a Pastry Chef And a A Shark who must Battle a Pioneer in Soviet Georgia",2006,1,NULL,5,4.99,51,13.99,NC-17,"Commentaries,Behind the Scenes","2006-02-15 05:03:42"
395,"HANDICAP BOONDOCK","A Beautiful Display of a Pioneer And a Squirrel who must Vanquish a Sumo Wrestler in Soviet Georgia",2006,1,NULL,4,0.99,108,28.99,R,"Commentaries,Deleted Scenes,Behind the Scenes","2006-02-15 05:03:42"
396,"HANGING DEEP","A Action-Packed Yarn of a Boat And a Crocodile who must Build a Monkey in Berlin",2006,1,NULL,5,4.99,62,18.99,G,"Trailers,Commentaries,Deleted Scenes","2006-02-15 05:03:42"
397,"HANKY OCTOBER","A Boring Epistle of a Database Administrator And a Explorer who must Pursue a Madman in Soviet Georgia",2006,1,NULL,5,2.99,107,26.99,NC-17,"Trailers,Commentaries,Deleted Scenes","2006-02-15 05:03:42"
399,"HAPPINESS UNITED","A Action-Packed Panorama of a Husband And a Feminist who must Meet a Forensic Psychologist in Ancient Japan",2006,1,NULL,6,2.99,100,23.99,G,"Deleted Scenes","2006-02-15 05:03:42"
402,"HARPER DYING","A Awe-Inspiring Reflection of a Woman And a Cat who must Confront a Feminist in The Sahara Desert",2006,1,NULL,3,0.99,52,15.99,G,Trailers,"2006-02-15 05:03:42"
404,"HATE HANDICAP","A Intrepid Reflection of a Mad Scientist And a Pioneer who must Overcome a Hunter in The First Manned Space Station",2006,1,NULL,4,0.99,107,26.99,PG,"Trailers,Commentaries,Behind the Scenes","2006-02-15 05:03:42"
408,"HEAD STRANGER","A Thoughtful Saga of a Hunter And a Crocodile who must Confront a Dog in The Gulf of Mexico",2006,1,NULL,4,4.99,69,28.99,R,"Trailers,Commentaries","2006-02-15 05:03:42"
409,"HEARTBREAKERS BRIGHT","A Awe-Inspiring Documentary of a A Shark And a Dentist who must Outrace a Pastry Chef in The Canadian Rockies",2006,1,NULL,3,4.99,59,9.99,G,"Trailers,Deleted Scenes","2006-02-15 05:03:42"
412,"HEAVYWEIGHTS BEAST","A Unbelieveable Story of a Composer And a Dog who must Overcome a Womanizer in An Abandoned Amusement Park",2006,1,NULL,6,4.99,102,25.99,G,"Deleted Scenes","2006-02-15 05:03:42"
416,"HIGHBALL POTTER","A Action-Packed Saga of a Husband And a Dog who must Redeem a Database Administrator in The Sahara Desert",2006,1,NULL,6,0.99,110,10.99,R,"Deleted Scenes","2006-02-15 05:03:42"
423,"HOLLYWOOD ANONYMOUS","A Fast-Paced Epistle of a Boy And a Explorer who must Escape a Dog in A U-Boat",2006,1,NULL,7,0.99,69,29.99,PG,"Trailers,Behind the Scenes","2006-02-15 05:03:42"
427,"HOMEWARD CIDER","A Taut Reflection of a Astronaut And a Squirrel who must Fight a Squirrel in A Manhattan Penthouse",2006,1,NULL,5,0.99,103,19.99,R,Trailers,"2006-02-15 05:03:42"
437,"HOUSE DYNAMITE","A Taut Story of a Pioneer And a Squirrel who must Battle a Student in Soviet Georgia",2006,1,NULL,7,2.99,109,13.99,R,"Commentaries,Deleted Scenes,Behind the Scenes","2006-02-15 05:03:42"
438,"HUMAN GRAFFITI","A Beautiful Reflection of a Womanizer And a Sumo Wrestler who must Chase a Database Administrator in The Gulf of Mexico",2006,1,NULL,3,2.99,68,22.99,NC-17,"Trailers,Behind the Scenes","2006-02-15 05:03:42"
440,"HUNGER ROOF","A Unbelieveable Yarn of a Student And a Database Administrator who must Outgun a Husband in An Abandoned Mine Shaft",2006,1,NULL,6,0.99,105,21.99,G,"Deleted Scenes,Behind the Scenes","2006-02-15 05:03:42"
442,"HUNTING MUSKETEERS","A Thrilling Reflection of a Pioneer And a Dentist who must Outrace a Womanizer in An Abandoned Mine Shaft",2006,1,NULL,6,2.99,65,24.99,NC-17,"Trailers,Deleted Scenes","2006-02-15 05:03:42"
445,"HYDE DOCTOR","A Fanciful Documentary of a Boy And a Woman who must Redeem a Womanizer in A Jet Boat",2006,1,NULL,5,2.99,100,11.99,G,"Trailers,Deleted Scenes","2006-02-15 05:03:42"
449,"IDENTITY LOVER","A Boring Tale of a Composer And a Mad Cow who must Defeat a Car in The Outback",2006,1,NULL,4,2.99,119,12.99,PG-13,"Deleted Scenes","2006-02-15 05:03:42"
455,"IMPOSSIBLE PREJUDICE","A Awe-Inspiring Yarn of a Monkey And a Hunter who must Chase a Teacher in Ancient China",2006,1,NULL,7,4.99,103,11.99,NC-17,"Deleted Scenes","2006-02-15 05:03:42"
463,"INSTINCT AIRPORT","A Touching Documentary of a Mad Cow And a Explorer who must Confront a Butler in A Manhattan Penthouse",2006,1,NULL,4,2.99,116,21.99,PG,"Commentaries,Deleted Scenes","2006-02-15 05:03:42"
464,"INTENTIONS EMPIRE","A Astounding Epistle of a Cat And a Cat who must Conquer a Mad Cow in A U-Boat",2006,1,NULL,3,2.99,107,13.99,PG-13,"Trailers,Behind the Scenes","2006-02-15 05:03:42"
465,"INTERVIEW LIAISONS","A Action-Packed Reflection of a Student And a Butler who must Discover a Database Administrator in A Manhattan Penthouse",2006,1,NULL,4,4.99,59,17.99,R,"Commentaries,Behind the Scenes","2006-02-15 05:03:42"
466,"INTOLERABLE INTENTIONS","A Awe-Inspiring Story of a Monkey And a Pastry Chef who must Succumb a Womanizer in A MySQL Convention",2006,1,NULL,6,4.99,63,20.99,PG-13,"Commentaries,Behind the Scenes","2006-02-15 05:03:42"
477,"JAWBREAKER BROOKLYN","A Stunning Reflection of a Boat And a Pastry Chef who must Succumb a A Shark in A Jet Boat",2006,1,NULL,5,0.99,118,15.99,PG,"Trailers,Behind the Scenes","2006-02-15 05:03:42"
478,"JAWS HARRY","A Thrilling Display of a Database Administrator And a Monkey who must Overcome a Dog in An Abandoned Fun House",2006,1,NULL,4,2.99,112,10.99,G,"Deleted Scenes","2006-02-15 05:03:42"
481,"JEKYLL FROGMEN","A Fanciful Epistle of a Student And a Astronaut who must Kill a Waitress in A Shark Tank",2006,1,NULL,4,2.99,58,22.99,PG,"Commentaries,Deleted Scenes,Behind the Scenes","2006-02-15 05:03:42"
482,"JEOPARDY ENCINO","A Boring Panorama of a Man And a Mad Cow who must Face a Explorer in Ancient India",2006,1,NULL,3,0.99,102,12.99,R,"Trailers,Commentaries","2006-02-15 05:03:42"
485,"JERSEY SASSY","A Lacklusture Documentary of a Madman And a Mad Cow who must Find a Feminist in Ancient Japan",2006,1,NULL,6,4.99,60,16.99,PG,"Deleted Scenes,Behind the Scenes","2006-02-15 05:03:42"
486,"JET NEIGHBORS","A Amazing Display of a Lumberjack And a Teacher who must Outrace a Woman in A U-Boat",2006,1,NULL,7,4.99,59,14.99,R,"Trailers,Commentaries,Behind the Scenes","2006-02-15 05:03:42"
488,"JOON NORTHWEST","A Thrilling Panorama of a Technical Writer And a Car who must Discover a Forensic Psychologist in A Shark Tank",2006,1,NULL,3,0.99,105,23.99,NC-17,"Trailers,Commentaries,Behind the Scenes","2006-02-15 05:03:42"
489,"JUGGLER HARDLY","A Epic Story of a Mad Cow And a Astronaut who must Challenge a Car in California",2006,1,NULL,4,0.99,54,14.99,PG-13,"Trailers,Commentaries","2006-02-15 05:03:42"
494,"KARATE MOON","A Astounding Yarn of a Womanizer And a Dog who must Reach a Waitress in A MySQL Convention",2006,1,NULL,4,0.99,120,21.99,PG-13,"Behind the Scenes","2006-02-15 05:03:42"
497,"KILL BROTHERHOOD","A Touching Display of a Hunter And a Secret Agent who must Redeem a Husband in The Outback",2006,1,NULL,4,0.99,54,15.99,G,"Trailers,Commentaries","2006-02-15 05:03:42"
506,"LADY STAGE","A Beautiful Character Study of a Woman And a Man who must Pursue a Explorer in A U-Boat",2006,1,NULL,4,4.99,67,14.99,PG,"Trailers,Deleted Scenes,Behind the Scenes","2006-02-15 05:03:42"
507,"LADYBUGS ARMAGEDDON","A Fateful Reflection of a Dog And a Mad Scientist who must Meet a Mad Scientist in New Orleans",2006,1,NULL,4,0.99,113,13.99,NC-17,"Deleted Scenes","2006-02-15 05:03:42"
512,"LEAGUE HELLFIGHTERS","A Thoughtful Saga of a A Shark And a Monkey who must Outgun a Student in Ancient China",2006,1,NULL,5,4.99,110,25.99,PG-13,Trailers,"2006-02-15 05:03:42"
514,"LEBOWSKI SOLDIERS","A Beautiful Epistle of a Secret Agent And a Pioneer who must Chase a Astronaut in Ancient China",2006,1,NULL,6,2.99,69,17.99,PG-13,"Commentaries,Deleted Scenes","2006-02-15 05:03:42"
515,"LEGALLY SECRETARY","A Astounding Tale of a A Shark And a Moose who must Meet a Womanizer in The Sahara Desert",2006,1,NULL,7,4.99,113,14.99,PG,"Trailers,Commentaries,Behind the Scenes","2006-02-15 05:03:42"
516,"LEGEND JEDI","A Awe-Inspiring Epistle of a Pioneer And a Student who must Outgun a Crocodile in The Outback",2006,1,NULL,7,0.99,59,18.99,PG,"Commentaries,Deleted Scenes","2006-02-15 05:03:42"
524,"LION UNCUT","A Intrepid Display of a Pastry Chef And a Cat who must Kill a A Shark in Ancient China",2006,1,NULL,6,0.99,50,13.99,PG,"Trailers,Deleted Scenes","2006-02-15 05:03:42"
526,"LOCK REAR","A Thoughtful Character Study of a Squirrel And a Technical Writer who must Outrace a Student in Ancient Japan",2006,1,NULL,7,2.99,120,10.99,R,"Trailers,Commentaries","2006-02-15 05:03:42"
529,"LONELY ELEPHANT","A Intrepid Story of a Student And a Dog who must Challenge a Explorer in Soviet Georgia",2006,1,NULL,3,2.99,67,12.99,G,"Trailers,Commentaries,Deleted Scenes,Behind the Scenes","2006-02-15 05:03:42"
530,"LORD ARIZONA","A Action-Packed Display of a Frisbee And a Pastry Chef who must Pursue a Crocodile in A Jet Boat",2006,1,NULL,5,2.99,108,27.99,PG-13,Trailers,"2006-02-15 05:03:42"
534,"LOUISIANA HARRY","A Lacklusture Drama of a Girl And a Technical Writer who must Redeem a Monkey in A Shark Tank",2006,1,NULL,5,0.99,70,18.99,PG-13,Trailers,"2006-02-15 05:03:42"
536,"LOVELY JINGLE","A Fanciful Yarn of a Crocodile And a Forensic Psychologist who must Discover a Crocodile in The Outback",2006,1,NULL,3,2.99,65,18.99,PG,"Trailers,Behind the Scenes","2006-02-15 05:03:42"
542,"LUST LOCK","A Fanciful Panorama of a Hunter And a Dentist who must Meet a Secret Agent in The Sahara Desert",2006,1,NULL,3,2.99,52,28.99,G,"Trailers,Commentaries,Behind the Scenes","2006-02-15 05:03:42"
543,"MADIGAN DORADO","A Astounding Character Study of a A Shark And a A Shark who must Discover a Crocodile in The Outback",2006,1,NULL,5,4.99,116,20.99,R,"Deleted Scenes,Behind the Scenes","2006-02-15 05:03:42"
547,"MAGIC MALLRATS","A Touching Documentary of a Pastry Chef And a Pastry Chef who must Build a Mad Scientist in California",2006,1,NULL,3,0.99,117,19.99,PG,"Trailers,Commentaries","2006-02-15 05:03:42"
548,"MAGNIFICENT CHITTY","A Insightful Story of a Teacher And a Hunter who must Face a Mad Cow in California",2006,1,NULL,3,2.99,53,27.99,R,"Commentaries,Deleted Scenes","2006-02-15 05:03:42"
559,"MARRIED GO","A Fanciful Story of a Womanizer And a Dog who must Face a Forensic Psychologist in The Sahara Desert",2006,1,NULL,7,2.99,114,22.99,G,"Behind the Scenes","2006-02-15 05:03:42"
560,"MARS ROMAN","A Boring Drama of a Car And a Dog who must Succumb a Madman in Soviet Georgia",2006,1,NULL,6,0.99,62,21.99,NC-17,"Commentaries,Deleted Scenes","2006-02-15 05:03:42"
565,"MATRIX SNOWMAN","A Action-Packed Saga of a Womanizer And a Woman who must Overcome a Student in California",2006,1,NULL,6,4.99,56,9.99,PG-13,"Commentaries,Deleted Scenes,Behind the Scenes","2006-02-15 05:03:42"
570,"MERMAID INSECTS","A Lacklusture Drama of a Waitress And a Husband who must Fight a Husband in California",2006,1,NULL,5,4.99,104,20.99,NC-17,"Trailers,Behind the Scenes","2006-02-15 05:03:42"
572,"METROPOLIS COMA","A Emotional Saga of a Database Administrator And a Pastry Chef who must Confront a Teacher in A Baloon Factory",2006,1,NULL,4,2.99,64,9.99,PG-13,"Trailers,Commentaries,Behind the Scenes","2006-02-15 05:03:42"
573,"MICROCOSMOS PARADISE","A Touching Character Study of a Boat And a Student who must Sink a A Shark in Nigeria",2006,1,NULL,6,2.99,105,22.99,PG-13,Commentaries,"2006-02-15 05:03:42"
577,"MILE MULAN","A Lacklusture Epistle of a Cat And a Husband who must Confront a Boy in A MySQL Convention",2006,1,NULL,4,0.99,64,10.99,PG,"Deleted Scenes,Behind the Scenes","2006-02-15 05:03:42"
581,"MINORITY KISS","A Insightful Display of a Lumberjack And a Sumo Wrestler who must Meet a Man in The Outback",2006,1,NULL,4,0.99,59,16.99,G,Trailers,"2006-02-15 05:03:42"
585,"MOB DUFFEL","A Unbelieveable Documentary of a Frisbee And a Boat who must Meet a Boy in The Canadian Rockies",2006,1,NULL,4,0.99,105,25.99,G,Trailers,"2006-02-15 05:03:42"
586,"MOCKINGBIRD HOLLYWOOD","A Thoughtful Panorama of a Man And a Car who must Sink a Composer in Berlin",2006,1,NULL,4,0.99,60,27.99,PG,"Behind the Scenes","2006-02-15 05:03:42"
592,"MONSTER SPARTACUS","A Fast-Paced Story of a Waitress And a Cat who must Fight a Girl in Australia",2006,1,NULL,6,2.99,107,28.99,PG,"Commentaries,Behind the Scenes","2006-02-15 05:03:42"
598,"MOSQUITO ARMAGEDDON","A Thoughtful Character Study of a Waitress And a Feminist who must Build a Teacher in Ancient Japan",2006,1,NULL,6,0.99,57,22.99,G,Trailers,"2006-02-15 05:03:42"
599,"MOTHER OLEANDER","A Boring Tale of a Husband And a Boy who must Fight a Squirrel in Ancient China",2006,1,NULL,3,0.99,103,20.99,R,"Trailers,Commentaries","2006-02-15 05:03:42"
603,"MOVIE SHAKESPEARE","A Insightful Display of a Database Administrator And a Student who must Build a Hunter in Berlin",2006,1,NULL,6,4.99,53,27.99,PG,"Commentaries,Deleted Scenes,Behind the Scenes","2006-02-15 05:03:42"
607,"MUPPET MILE","A Lacklusture Story of a Madman And a Teacher who must Kill a Frisbee in The Gulf of Mexico",2006,1,NULL,5,4.99,50,18.99,PG,"Trailers,Deleted Scenes","2006-02-15 05:03:42"
617,"NATURAL STOCK","A Fast-Paced Story of a Sumo Wrestler And a Girl who must Defeat a Car in A Baloon Factory",2006,1,NULL,4,0.99,50,24.99,PG-13,"Commentaries,Deleted Scenes","2006-02-15 05:03:42"
626,"NOON PAPI","A Unbelieveable Character Study of a Mad Scientist And a Astronaut who must Find a Pioneer in A Manhattan Penthouse",2006,1,NULL,5,2.99,57,12.99,G,"Behind the Scenes","2006-02-15 05:03:42"
627,"NORTH TEQUILA","A Beautiful Character Study of a Mad Cow And a Robot who must Reach a Womanizer in New Orleans",2006,1,NULL,4,4.99,67,9.99,NC-17,"Commentaries,Deleted Scenes,Behind the Scenes","2006-02-15 05:03:42"
631,"NOVOCAINE FLIGHT","A Fanciful Display of a Student And a Teacher who must Outgun a Crocodile in Nigeria",2006,1,NULL,4,0.99,64,11.99,G,"Trailers,Commentaries,Deleted Scenes","2006-02-15 05:03:42"
633,"OCTOBER SUBMARINE","A Taut Epistle of a Monkey And a Boy who must Confront a Husband in A Jet Boat",2006,1,NULL,6,4.99,54,10.99,PG-13,"Trailers,Commentaries,Behind the Scenes","2006-02-15 05:03:42"
635,"OKLAHOMA JUMANJI","A Thoughtful Drama of a Dentist And a Womanizer who must Meet a Husband in The Sahara Desert",2006,1,NULL,7,0.99,58,15.99,PG,"Behind the Scenes","2006-02-15 05:03:42"
640,"OPUS ICE","A Fast-Paced Drama of a Hunter And a Boy who must Discover a Feminist in The Sahara Desert",2006,1,NULL,5,4.99,102,21.99,R,"Commentaries,Deleted Scenes","2006-02-15 05:03:42"
642,"ORDER BETRAYED","A Amazing Saga of a Dog And a A Shark who must Challenge a Cat in The Sahara Desert",2006,1,NULL,7,2.99,120,13.99,PG-13,"Deleted Scenes,Behind the Scenes","2006-02-15 05:03:42"
643,"ORIENT CLOSER","A Astounding Epistle of a Technical Writer And a Teacher who must Fight a Squirrel in The Sahara Desert",2006,1,NULL,3,2.99,118,22.99,R,"Commentaries,Deleted Scenes","2006-02-15 05:03:42"
644,"OSCAR GOLD","A Insightful Tale of a Database Administrator And a Dog who must Face a Madman in Soviet Georgia",2006,1,NULL,7,2.99,115,29.99,PG,"Behind the Scenes","2006-02-15 05:03:42"
645,"OTHERS SOUP","A Lacklusture Documentary of a Mad Cow And a Madman who must Sink a Moose in The Gulf of Mexico",2006,1,NULL,7,2.99,118,18.99,PG,"Deleted Scenes","2006-02-15 05:03:42"
653,"PANIC CLUB","A Fanciful Display of a Teacher And a Crocodile who must Succumb a Girl in A Baloon",2006,1,NULL,3,4.99,102,15.99,G,"Commentaries,Deleted Scenes","2006-02-15 05:03:42"
655,"PANTHER REDS","A Brilliant Panorama of a Moose And a Man who must Reach a Teacher in The Gulf of Mexico",2006,1,NULL,5,4.99,109,22.99,NC-17,"Deleted Scenes,Behind the Scenes","2006-02-15 05:03:42"
659,"PARK CITIZEN","A Taut Epistle of a Sumo Wrestler And a Girl who must Face a Husband in Ancient Japan",2006,1,NULL,3,4.99,109,14.99,PG-13,"Trailers,Deleted Scenes","2006-02-15 05:03:42"
660,"PARTY KNOCK","A Fateful Display of a Technical Writer And a Butler who must Battle a Sumo Wrestler in An Abandoned Mine Shaft",2006,1,NULL,7,2.99,107,11.99,PG,"Trailers,Behind the Scenes","2006-02-15 05:03:42"
662,"PATHS CONTROL","A Astounding Documentary of a Butler And a Cat who must Find a Frisbee in Ancient China",2006,1,NULL,3,4.99,118,9.99,PG,"Trailers,Behind the Scenes","2006-02-15 05:03:42"
664,"PATRIOT ROMAN","A Taut Saga of a Robot And a Database Administrator who must Challenge a Astronaut in California",2006,1,NULL,6,2.99,65,12.99,PG,"Trailers,Deleted Scenes","2006-02-15 05:03:42"
673,"PERSONAL LADYBUGS","A Epic Saga of a Hunter And a Technical Writer who must Conquer a Cat in Ancient Japan",2006,1,NULL,3,0.99,118,19.99,PG-13,"Deleted Scenes,Behind the Scenes","2006-02-15 05:03:42"
675,"PHANTOM GLORY","A Beautiful Documentary of a Astronaut And a Crocodile who must Discover a Madman in A Monastery",2006,1,NULL,6,2.99,60,17.99,NC-17,"Commentaries,Behind the Scenes","2006-02-15 05:03:42"
679,"PILOT HOOSIERS","A Awe-Inspiring Reflection of a Crocodile And a Sumo Wrestler who must Meet a Forensic Psychologist in An Abandoned Mine Shaft",2006,1,NULL,6,2.99,50,17.99,PG,"Trailers,Deleted Scenes","2006-02-15 05:03:42"
680,"PINOCCHIO SIMON","A Action-Packed Reflection of a Mad Scientist And a A Shark who must Find a Feminist in California",2006,1,NULL,4,4.99,103,21.99,PG,"Commentaries,Behind the Scenes","2006-02-15 05:03:42"
681,"PIRATES ROXANNE","A Stunning Drama of a Woman And a Lumberjack who must Overcome a A Shark in The Canadian Rockies",2006,1,NULL,4,0.99,100,20.99,PG,"Commentaries,Deleted Scenes","2006-02-15 05:03:42"
683,"PITY BOUND","A Boring Panorama of a Feminist And a Moose who must Defeat a Database Administrator in Nigeria",2006,1,NULL,5,4.99,60,19.99,NC-17,Commentaries,"2006-02-15 05:03:42"
688,"POLISH BROOKLYN","A Boring Character Study of a Database Administrator And a Lumberjack who must Reach a Madman in The Outback",2006,1,NULL,6,0.99,61,12.99,PG,"Trailers,Commentaries,Deleted Scenes,Behind the Scenes","2006-02-15 05:03:42"
693,"POTTER CONNECTICUT","A Thrilling Epistle of a Frisbee And a Cat who must Fight a Technical Writer in Berlin",2006,1,NULL,5,2.99,115,16.99,PG,"Trailers,Commentaries","2006-02-15 05:03:42"
696,"PRIDE ALAMO","A Thoughtful Drama of a A Shark And a Forensic Psychologist who must Vanquish a Student in Ancient India",2006,1,NULL,6,0.99,114,20.99,NC-17,"Deleted Scenes","2006-02-15 05:03:42"
697,"PRIMARY GLASS","A Fateful Documentary of a Pastry Chef And a Butler who must Build a Dog in The Canadian Rockies",2006,1,NULL,7,0.99,53,16.99,G,"Trailers,Deleted Scenes,Behind the Scenes","2006-02-15 05:03:42"
699,"PRIVATE DROP","A Stunning Story of a Technical Writer And a Hunter who must Succumb a Secret Agent in A Baloon",2006,1,NULL,7,4.99,106,26.99,PG,Trailers,"2006-02-15 05:03:42"
700,"PRIX UNDEFEATED","A Stunning Saga of a Mad Scientist And a Boat who must Overcome a Dentist in Ancient China",2006,1,NULL,4,2.99,115,13.99,R,"Trailers,Deleted Scenes","2006-02-15 05:03:42"
703,"PUNK DIVORCE","A Fast-Paced Tale of a Pastry Chef And a Boat who must Face a Frisbee in The Canadian Rockies",2006,1,NULL,6,4.99,100,18.99,PG,"Trailers,Commentaries,Deleted Scenes","2006-02-15 05:03:42"
708,"QUILLS BULL","A Thoughtful Story of a Pioneer And a Woman who must Reach a Moose in Australia",2006,1,NULL,4,4.99,112,19.99,R,"Trailers,Behind the Scenes","2006-02-15 05:03:42"
710,"RAGE GAMES","A Fast-Paced Saga of a Astronaut And a Secret Agent who must Escape a Hunter in An Abandoned Amusement Park",2006,1,NULL,4,4.99,120,18.99,R,"Trailers,Behind the Scenes","2006-02-15 05:03:42"
724,"REMEMBER DIARY","A Insightful Tale of a Technical Writer And a Waitress who must Conquer a Monkey in Ancient India",2006,1,NULL,5,2.99,110,15.99,R,"Trailers,Commentaries","2006-02-15 05:03:42"
726,"RESERVOIR ADAPTATION","A Intrepid Drama of a Teacher And a Moose who must Kill a Car in California",2006,1,NULL,7,2.99,61,29.99,PG-13,Commentaries,"2006-02-15 05:03:42"
727,"RESURRECTION SILVERADO","A Epic Yarn of a Robot And a Explorer who must Challenge a Girl in A MySQL Convention",2006,1,NULL,6,0.99,117,12.99,PG,"Trailers,Deleted Scenes","2006-02-15 05:03:42"
728,"REUNION WITCHES","A Unbelieveable Documentary of a Database Administrator And a Frisbee who must Redeem a Mad Scientist in A Baloon Factory",2006,1,NULL,3,0.99,63,26.99,R,Commentaries,"2006-02-15 05:03:42"
732,"RINGS HEARTBREAKERS","A Amazing Yarn of a Sumo Wrestler And a Boat who must Conquer a Waitress in New Orleans",2006,1,NULL,5,0.99,58,17.99,G,"Trailers,Commentaries,Behind the Scenes","2006-02-15 05:03:42"
735,"ROBBERS JOON","A Thoughtful Story of a Mad Scientist And a Waitress who must Confront a Forensic Psychologist in Soviet Georgia",2006,1,NULL,7,2.99,102,26.99,PG-13,Commentaries,"2006-02-15 05:03:42"
737,"ROCK INSTINCT","A Astounding Character Study of a Robot And a Moose who must Overcome a Astronaut in Ancient India",2006,1,NULL,4,0.99,102,28.99,G,"Trailers,Commentaries,Deleted Scenes,Behind the Scenes","2006-02-15 05:03:42"
742,"ROOF CHAMPION","A Lacklusture Reflection of a Car And a Explorer who must Find a Monkey in A Baloon",2006,1,NULL,7,0.99,101,25.99,R,"Deleted Scenes,Behind the Scenes","2006-02-15 05:03:42"
743,"ROOM ROMAN","A Awe-Inspiring Panorama of a Composer And a Secret Agent who must Sink a Composer in A Shark Tank",2006,1,NULL,7,0.99,60,27.99,PG,"Trailers,Deleted Scenes,Behind the Scenes","2006-02-15 05:03:42"
746,"ROUGE SQUAD","A Awe-Inspiring Drama of a Astronaut And a Frisbee who must Conquer a Mad Scientist in Australia",2006,1,NULL,3,0.99,118,10.99,NC-17,"Commentaries,Deleted Scenes,Behind the Scenes","2006-02-15 05:03:42"
748,"RUGRATS SHAKESPEARE","A Touching Saga of a Crocodile And a Crocodile who must Discover a Technical Writer in Nigeria",2006,1,NULL,4,0.99,109,16.99,PG-13,"Trailers,Commentaries,Deleted Scenes,Behind the Scenes","2006-02-15 05:03:42"
752,"RUNNER MADIGAN","A Thoughtful Documentary of a Crocodile And a Robot who must Outrace a Womanizer in The Outback",2006,1,NULL,6,0.99,101,27.99,NC-17,"Commentaries,Deleted Scenes,Behind the Scenes","2006-02-15 05:03:42"
757,"SAGEBRUSH CLUELESS","A Insightful Story of a Lumberjack And a Hunter who must Kill a Boy in Ancient Japan",2006,1,NULL,4,2.99,106,28.99,G,Trailers,"2006-02-15 05:03:42"
760,"SAMURAI LION","A Fast-Paced Story of a Pioneer And a Astronaut who must Reach a Boat in A Baloon",2006,1,NULL,5,2.99,110,21.99,G,Commentaries,"2006-02-15 05:03:42"
768,"SCARFACE BANG","A Emotional Yarn of a Teacher And a Girl who must Find a Teacher in A Baloon Factory",2006,1,NULL,3,4.99,102,11.99,PG-13,"Commentaries,Deleted Scenes","2006-02-15 05:03:42"
773,"SEABISCUIT PUNK","A Insightful Saga of a Man And a Forensic Psychologist who must Discover a Mad Cow in A MySQL Convention",2006,1,NULL,6,2.99,112,28.99,NC-17,"Commentaries,Deleted Scenes,Behind the Scenes","2006-02-15 05:03:42"
775,"SEATTLE EXPECATIONS","A Insightful Reflection of a Crocodile And a Sumo Wrestler who must Meet a Technical Writer in The Sahara Desert",2006,1,NULL,4,4.99,110,18.99,PG-13,Trailers,"2006-02-15 05:03:42"
778,"SECRETS PARADISE","A Fateful Saga of a Cat And a Frisbee who must Kill a Girl in A Manhattan Penthouse",2006,1,NULL,3,4.99,109,24.99,G,"Trailers,Commentaries","2006-02-15 05:03:42"
779,"SENSE GREEK","A Taut Saga of a Lumberjack And a Pastry Chef who must Escape a Sumo Wrestler in An Abandoned Fun House",2006,1,NULL,4,4.99,54,23.99,R,"Deleted Scenes,Behind the Scenes","2006-02-15 05:03:42"
782,"SHAKESPEARE SADDLE","A Fast-Paced Panorama of a Lumberjack And a Database Administrator who must Defeat a Madman in A MySQL Convention",2006,1,NULL,6,2.99,60,26.99,PG-13,"Commentaries,Behind the Scenes","2006-02-15 05:03:42"
786,"SHEPHERD MIDSUMMER","A Thoughtful Drama of a Robot And a Womanizer who must Kill a Lumberjack in A Baloon",2006,1,NULL,7,0.99,113,14.99,R,"Deleted Scenes","2006-02-15 05:03:42"
788,"SHIP WONDERLAND","A Thrilling Saga of a Monkey And a Frisbee who must Escape a Explorer in The Outback",2006,1,NULL,5,2.99,104,15.99,R,Commentaries,"2006-02-15 05:03:42"
790,"SHOOTIST SUPERFLY","A Fast-Paced Story of a Crocodile And a A Shark who must Sink a Pioneer in Berlin",2006,1,NULL,6,0.99,67,22.99,PG-13,Trailers,"2006-02-15 05:03:42"
794,"SIDE ARK","A Stunning Panorama of a Crocodile And a Womanizer who must Meet a Feminist in The Canadian Rockies",2006,1,NULL,5,0.99,52,28.99,G,"Deleted Scenes,Behind the Scenes","2006-02-15 05:03:42"
795,"SIEGE MADRE","A Boring Tale of a Frisbee And a Crocodile who must Vanquish a Moose in An Abandoned Mine Shaft",2006,1,NULL,7,0.99,111,23.99,R,"Trailers,Deleted Scenes","2006-02-15 05:03:42"
797,"SILENCE KANE","A Emotional Drama of a Sumo Wrestler And a Dentist who must Confront a Sumo Wrestler in A Baloon",2006,1,NULL,7,0.99,67,23.99,R,"Trailers,Deleted Scenes,Behind the Scenes","2006-02-15 05:03:42"
799,"SIMON NORTH","A Thrilling Documentary of a Technical Writer And a A Shark who must Face a Pioneer in A Shark Tank",2006,1,NULL,3,0.99,51,26.99,NC-17,"Trailers,Commentaries","2006-02-15 05:03:42"
805,"SLEEPLESS MONSOON","A Amazing Saga of a Moose And a Pastry Chef who must Escape a Butler in Australia",2006,1,NULL,5,4.99,64,12.99,G,"Trailers,Deleted Scenes,Behind the Scenes","2006-02-15 05:03:42"
811,"SMILE EARRING","A Intrepid Drama of a Teacher And a Butler who must Build a Pastry Chef in Berlin",2006,1,NULL,4,2.99,60,29.99,G,"Commentaries,Behind the Scenes","2006-02-15 05:03:42"
812,"SMOKING BARBARELLA","A Lacklusture Saga of a Mad Cow And a Mad Scientist who must Sink a Cat in A MySQL Convention",2006,1,NULL,7,0.99,50,13.99,PG-13,"Behind the Scenes","2006-02-15 05:03:42"
814,"SNATCH SLIPPER","A Insightful Panorama of a Woman And a Feminist who must Defeat a Forensic Psychologist in Berlin",2006,1,NULL,6,4.99,110,15.99,PG,Commentaries,"2006-02-15 05:03:42"
816,"SNOWMAN ROLLERCOASTER","A Fateful Display of a Lumberjack And a Girl who must Succumb a Mad Cow in A Manhattan Penthouse",2006,1,NULL,3,0.99,62,27.99,G,Trailers,"2006-02-15 05:03:42"
824,"SPARTACUS CHEAPER","A Thrilling Panorama of a Pastry Chef And a Secret Agent who must Overcome a Student in A Manhattan Penthouse",2006,1,NULL,4,4.99,52,19.99,NC-17,"Deleted Scenes,Behind the Scenes","2006-02-15 05:03:42"
835,"SPY MILE","A Thrilling Documentary of a Feminist And a Feminist who must Confront a Feminist in A Baloon",2006,1,NULL,6,2.99,112,13.99,PG-13,"Trailers,Commentaries,Deleted Scenes,Behind the Scenes","2006-02-15 05:03:42"
838,"STAGECOACH ARMAGEDDON","A Touching Display of a Pioneer And a Butler who must Chase a Car in California",2006,1,NULL,5,4.99,112,25.99,R,"Trailers,Deleted Scenes","2006-02-15 05:03:42"
842,"STATE WASTELAND","A Beautiful Display of a Cat And a Pastry Chef who must Outrace a Mad Cow in A Jet Boat",2006,1,NULL,4,2.99,113,13.99,NC-17,"Trailers,Commentaries,Deleted Scenes,Behind the Scenes","2006-02-15 05:03:42"
849,"STORM HAPPINESS","A Insightful Drama of a Feminist And a A Shark who must Vanquish a Boat in A Shark Tank",2006,1,NULL,6,0.99,57,28.99,NC-17,"Trailers,Commentaries,Behind the Scenes","2006-02-15 05:03:42"
852,"STRANGELOVE DESIRE","A Awe-Inspiring Panorama of a Lumberjack And a Waitress who must Defeat a Crocodile in An Abandoned Amusement Park",2006,1,NULL,4,0.99,103,27.99,NC-17,"Trailers,Commentaries,Deleted Scenes","2006-02-15 05:03:42"
854,"STRANGERS GRAFFITI","A Brilliant Character Study of a Secret Agent And a Man who must Find a Cat in The Gulf of Mexico",2006,1,NULL,4,4.99,119,22.99,R,"Trailers,Behind the Scenes","2006-02-15 05:03:42"
859,"SUGAR WONKA","A Touching Story of a Dentist And a Database Administrator who must Conquer a Astronaut in An Abandoned Amusement Park",2006,1,NULL,3,4.99,114,20.99,PG,"Trailers,Commentaries,Behind the Scenes","2006-02-15 05:03:42"
861,"SUIT WALLS","A Touching Panorama of a Lumberjack And a Frisbee who must Build a Dog in Australia",2006,1,NULL,3,4.99,111,12.99,R,Commentaries,"2006-02-15 05:03:42"
862,"SUMMER SCARFACE","A Emotional Panorama of a Lumberjack And a Hunter who must Meet a Girl in A Shark Tank",2006,1,NULL,5,0.99,53,25.99,G,"Deleted Scenes,Behind the Scenes","2006-02-15 05:03:42"
867,"SUPER WYOMING","A Action-Packed Saga of a Pastry Chef And a Explorer who must Discover a A Shark in The Outback",2006,1,NULL,5,4.99,58,10.99,PG,"Trailers,Commentaries,Behind the Scenes","2006-02-15 05:03:42"
868,"SUPERFLY TRIP","A Beautiful Saga of a Lumberjack And a Teacher who must Build a Technical Writer in An Abandoned Fun House",2006,1,NULL,5,0.99,114,27.99,PG,"Commentaries,Behind the Scenes","2006-02-15 05:03:42"
873,"SWEETHEARTS SUSPECTS","A Brilliant Character Study of a Frisbee And a Sumo Wrestler who must Confront a Woman in The Gulf of Mexico",2006,1,NULL,3,0.99,108,13.99,G,"Trailers,Commentaries,Deleted Scenes,Behind the Scenes","2006-02-15 05:03:42"
877,"TAXI KICK","A Amazing Epistle of a Girl And a Woman who must Outrace a Waitress in Soviet Georgia",2006,1,NULL,4,0.99,64,23.99,PG-13,"Commentaries,Deleted Scenes","2006-02-15 05:03:42"
883,"TEQUILA PAST","A Action-Packed Panorama of a Mad Scientist And a Robot who must Challenge a Student in Nigeria",2006,1,NULL,6,4.99,53,17.99,PG,"Commentaries,Behind the Scenes","2006-02-15 05:03:42"
888,"THIN SAGEBRUSH","A Emotional Drama of a Husband And a Lumberjack who must Build a Cat in Ancient India",2006,1,NULL,5,4.99,53,9.99,PG-13,"Behind the Scenes","2006-02-15 05:03:42"
889,"TIES HUNGER","A Insightful Saga of a Astronaut And a Explorer who must Pursue a Mad Scientist in A U-Boat",2006,1,NULL,3,4.99,111,28.99,R,"Deleted Scenes","2006-02-15 05:03:42"
891,"TIMBERLAND SKY","A Boring Display of a Man And a Dog who must Redeem a Girl in A U-Boat",2006,1,NULL,3,0.99,69,13.99,G,Commentaries,"2006-02-15 05:03:42"
892,"TITANIC BOONDOCK","A Brilliant Reflection of a Feminist And a Dog who must Fight a Boy in A Baloon Factory",2006,1,NULL,3,4.99,104,18.99,R,"Trailers,Commentaries,Deleted Scenes,Behind the Scenes","2006-02-15 05:03:42"
894,"TOMATOES HELLFIGHTERS","A Thoughtful Epistle of a Madman And a Astronaut who must Overcome a Monkey in A Shark Tank",2006,1,NULL,6,0.99,68,23.99,PG,"Behind the Scenes","2006-02-15 05:03:42"
908,"TRAP GUYS","A Unbelieveable Story of a Boy And a Mad Cow who must Challenge a Database Administrator in The Sahara Desert",2006,1,NULL,3,4.99,110,11.99,G,"Commentaries,Behind the Scenes","2006-02-15 05:03:42"
909,"TREASURE COMMAND","A Emotional Saga of a Car And a Madman who must Discover a Pioneer in California",2006,1,NULL,3,0.99,102,28.99,PG-13,"Trailers,Commentaries,Deleted Scenes,Behind the Scenes","2006-02-15 05:03:42"
911,"TRIP NEWTON","A Fanciful Character Study of a Lumberjack And a Car who must Discover a Cat in An Abandoned Amusement Park",2006,1,NULL,7,4.99,64,14.99,PG-13,"Commentaries,Deleted Scenes","2006-02-15 05:03:42"
912,"TROJAN TOMORROW","A Astounding Panorama of a Husband And a Sumo Wrestler who must Pursue a Boat in Ancient India",2006,1,NULL,3,2.99,52,9.99,PG,"Commentaries,Deleted Scenes","2006-02-15 05:03:42"
913,"TROOPERS METAL","A Fanciful Drama of a Monkey And a Feminist who must Sink a Man in Berlin",2006,1,NULL,3,0.99,115,20.99,R,"Deleted Scenes,Behind the Scenes","2006-02-15 05:03:42"
914,"TROUBLE DATE","A Lacklusture Panorama of a Forensic Psychologist And a Woman who must Kill a Explorer in Ancient Japan",2006,1,NULL,6,2.99,61,13.99,PG,"Trailers,Commentaries,Behind the Scenes","2006-02-15 05:03:42"
920,"UNBREAKABLE KARATE","A Amazing Character Study of a Robot And a Student who must Chase a Robot in Australia",2006,1,NULL,3,0.99,62,16.99,G,"Deleted Scenes,Behind the Scenes","2006-02-15 05:03:42"
922,"UNDEFEATED DALMATIONS","A Unbelieveable Display of a Crocodile And a Feminist who must Overcome a Moose in An Abandoned Amusement Park",2006,1,NULL,7,4.99,107,22.99,PG-13,Commentaries,"2006-02-15 05:03:42"
926,"UNTOUCHABLES SUNRISE","A Amazing Documentary of a Woman And a Astronaut who must Outrace a Teacher in An Abandoned Fun House",2006,1,NULL,5,2.99,120,11.99,NC-17,"Trailers,Deleted Scenes","2006-02-15 05:03:42"
940,"VICTORY ACADEMY","A Insightful Epistle of a Mad Scientist And a Explorer who must Challenge a Cat in The Sahara Desert",2006,1,NULL,6,0.99,64,19.99,PG-13,"Trailers,Behind the Scenes","2006-02-15 05:03:42"
947,"VISION TORQUE","A Thoughtful Documentary of a Dog And a Man who must Sink a Man in A Shark Tank",2006,1,NULL,5,0.99,59,16.99,PG-13,"Commentaries,Deleted Scenes","2006-02-15 05:03:42"
953,"WAIT CIDER","A Intrepid Epistle of a Woman And a Forensic Psychologist who must Succumb a Astronaut in A Manhattan Penthouse",2006,1,NULL,3,0.99,112,9.99,PG-13,Trailers,"2006-02-15 05:03:42"
956,"WANDA CHAMBER","A Insightful Drama of a A Shark And a Pioneer who must Find a Womanizer in The Outback",2006,1,NULL,7,4.99,107,23.99,PG-13,"Commentaries,Deleted Scenes,Behind the Scenes","2006-02-15 05:03:42"
964,"WATERFRONT DELIVERANCE","A Unbelieveable Documentary of a Dentist And a Technical Writer who must Build a Womanizer in Nigeria",2006,1,NULL,4,4.99,61,17.99,G,"Behind the Scenes","2006-02-15 05:03:42"
965,"WATERSHIP FRONTIER","A Emotional Yarn of a Boat And a Crocodile who must Meet a Moose in Soviet Georgia",2006,1,NULL,6,0.99,112,28.99,G,Commentaries,"2006-02-15 05:03:42"
966,"WEDDING APOLLO","A Action-Packed Tale of a Student And a Waitress who must Conquer a Lumberjack in An Abandoned Mine Shaft",2006,1,NULL,3,0.99,70,14.99,PG,Trailers,"2006-02-15 05:03:42"
970,"WESTWARD SEABISCUIT","A Lacklusture Tale of a Butler And a Husband who must Face a Boy in Ancient China",2006,1,NULL,7,0.99,52,11.99,NC-17,"Commentaries,Deleted Scenes","2006-02-15 05:03:42"
971,"WHALE BIKINI","A Intrepid Story of a Pastry Chef And a Database Administrator who must Kill a Feminist in A MySQL Convention",2006,1,NULL,4,4.99,109,11.99,PG-13,"Commentaries,Deleted Scenes,Behind the Scenes","2006-02-15 05:03:42"
972,"WHISPERER GIANT","A Intrepid Story of a Dentist And a Hunter who must Confront a Monkey in Ancient Japan",2006,1,NULL,4,4.99,59,24.99,PG-13,"Trailers,Deleted Scenes","2006-02-15 05:03:42"
976,"WIND PHANTOM","A Touching Saga of a Madman And a Forensic Psychologist who must Build a Sumo Wrestler in An Abandoned Mine Shaft",2006,1,NULL,6,0.99,111,12.99,R,"Commentaries,Deleted Scenes","2006-02-15 05:03:42"
979,"WITCHES PANIC","A Awe-Inspiring Drama of a Secret Agent And a Hunter who must Fight a Moose in Nigeria",2006,1,NULL,6,4.99,100,10.99,NC-17,"Commentaries,Behind the Scenes","2006-02-15 05:03:42"
981,"WOLVES DESIRE","A Fast-Paced Drama of a Squirrel And a Robot who must Succumb a Technical Writer in A Manhattan Penthouse",2006,1,NULL,7,0.99,55,13.99,NC-17,"Behind the Scenes","2006-02-15 05:03:42"
983,"WON DARES","A Unbelieveable Documentary of a Teacher And a Monkey who must Defeat a Explorer in A U-Boat",2006,1,NULL,7,2.99,105,18.99,PG,"Behind the Scenes","2006-02-15 05:03:42"
985,"WONDERLAND CHRISTMAS","A Awe-Inspiring Character Study of a Waitress And a Car who must Pursue a Mad Scientist in The First Manned Space Station",2006,1,NULL,4,4.99,111,19.99,PG,Commentaries,"2006-02-15 05:03:42"
987,"WORDS HUNTER","A Action-Packed Reflection of a Composer And a Mad Scientist who must Face a Pioneer in A MySQL Convention",2006,1,NULL,3,2.99,116,13.99,PG,"Trailers,Commentaries,Deleted Scenes","2006-02-15 05:03:42"
994,"WYOMING STORM","A Awe-Inspiring Panorama of a Robot And a Boat who must Overcome a Feminist in A U-Boat",2006,1,NULL,6,4.99,100,29.99,PG-13,"Deleted Scenes","2006-02-15 05:03:42"
998,"ZHIVAGO CORE","A Fateful Yarn of a Composer And a Man who must Face a Boy in The Canadian Rockies",2006,1,NULL,6,0.99,105,10.99,NC-17,"Deleted Scenes","2006-02-15 05:03:42"
999,"ZOOLANDER FICTION","A Fateful Reflection of a Waitress And a Boat who must Discover a Sumo Wrestler in Ancient China",2006,1,NULL,5,2.99,101,28.99,R,"Trailers,Deleted Scenes","2006-02-15 05:03:42"
1000,"ZORRO ARK","A Intrepid Panorama of a Mad Scientist And a Boy who must Redeem a Boy in A Monastery",2006,1,NULL,3,4.99,50,18.99,NC-17,"Trailers,Commentaries,Behind the Scenes","2006-02-15 05:03:42"
